-- 初始化数据脚本
-- 用于volunteer数据库的基础数据初始化

SET NAMES utf8mb4;
SET CHARACTER_SET_CLIENT = utf8mb4;
SET CHARACTER_SET_CONNECTION = utf8mb4;
SET CHARACTER_SET_RESULTS = utf8mb4;

USE volunteer;

-- 插入角色数据
INSERT IGNORE INTO Role (role_id, role_name) VALUES 
(1, '普通用户'),
(2, '管理员');

-- 插入部门数据
INSERT IGNORE INTO Dept (dept_id, dept_name) VALUES 
(1, '志愿服务部'),
(2, '社会福利部'),
(3, '环保宣传部'),
(4, '教育培训部');

-- 插入活动分类数据
INSERT IGNORE INTO ActivityCategory (category_id, category_name) VALUES
(1, '社区服务'),
(2, '环境保护'),
(3, '教育培训'),
(4, '老人护理'),
(5, '儿童关爱');

-- 插入用户数据（密码123456的MD5: e10adc3949ba59abbe56e057f20f883e）
INSERT IGNORE INTO User (user_id, role_id, username, password) VALUES
(1, 2, 'admin', 'e10adc3949ba59abbe56e057f20f883e'),
(2, 1, 'user1', 'e10adc3949ba59abbe56e057f20f883e'),
(3, 1, 'user2', 'e10adc3949ba59abbe56e057f20f883e'),
(4, 1, 'user3', 'e10adc3949ba59abbe56e057f20f883e');

-- 插入活动数据
INSERT IGNORE INTO Activity (activity_id, dept_id, category_id, creator_id, title, description, activity_time, location, max_people, status) VALUES
(1, 1, 1, 1, '社区清洁志愿活动', '为社区进行垃圾分类和清洁工作，美化社区环境', '2025-12-28 09:00:00', '阳光社区中心', 30, 'active'),
(2, 1, 2, 1, '公园环保清理行动', '组织志愿者清理公园内的垃圾，保护生态环境', '2025-12-29 14:00:00', '市中心公园', 50, 'active'),
(3, 2, 4, 1, '敬老院关爱老人', '去敬老院陪伴老人聊天、表演节目', '2025-12-30 10:00:00', '夕阳红敬老院', 20, 'active'),
(4, 3, 3, 1, '儿童课后辅导', '为留守儿童提供课后作业辅导', '2025-12-31 15:00:00', '社区服务中心', 15, 'active'),
(5, 4, 5, 1, '儿童陪伴活动', '周末陪伴孤儿院儿童游戏玩耍', '2026-01-04 09:00:00', '儿童福利院', 25, 'active'),
(6, 2, 1, 1, '社区义诊服务', '为社区居民提供免费健康咨询和基础体检', '2026-01-05 08:00:00', '社区卫生站', 40, 'active'),
(7, 3, 2, 1, '植树造林活动', '春季植树活动，绿化环境', '2026-01-10 09:00:00', '郊外林地', 100, 'active'),
(8, 4, 3, 1, '老年人健康讲座', '为老年人讲解养生保健知识', '2026-01-11 14:00:00', '社区活动中心', 60, 'active');

-- 插入测试申请数据
INSERT IGNORE INTO Application (application_id, user_id, activity_id, apply_time, current_status) VALUES
(1, 2, 1, '2025-12-25 10:00:00', 'approved'),
(2, 3, 1, '2025-12-25 11:00:00', 'pending'),
(3, 4, 2, '2025-12-25 12:00:00', 'approved'),
(4, 2, 3, '2025-12-25 13:00:00', 'pending'),
(5, 3, 4, '2025-12-25 14:00:00', 'rejected'),
(6, 4, 5, '2025-12-25 15:00:00', 'pending');

-- 插入申请状态日志
INSERT IGNORE INTO ApplicationStatusLog (application_id, handler_id, log_status, handle_time) VALUES
(1, 1, 'approved', '2025-12-25 10:30:00'),
(3, 1, 'approved', '2025-12-25 12:30:00'),
(5, 1, 'rejected', '2025-12-25 14:30:00');

-- 插入留言板数据
INSERT IGNORE INTO MessageBoard (message_id, nickname, content, created_at) VALUES
(1, '志愿者小王', '参加志愿服务很有意义，希望能多组织这样的活动！', '2025-12-20 14:30:00'),
(2, '爱心人士', '上周参加了敬老院活动，老人们很开心，推荐大家参与', '2025-12-21 09:15:00'),
(3, '环保达人', '公园清理活动报名链接在哪里？', '2025-12-22 16:45:00'),
(4, '志愿者小李', '社区义诊服务太棒了，医护人员很负责', '2025-12-23 11:20:00'),
(5, '热心市民', '建议增加周末的活动安排，上班族更方便参与', '2025-12-24 13:00:00');

-- 插入公告数据
INSERT IGNORE INTO Announcement (announcement_id, title, content, publish_time) VALUES
(1, '关于举办年度优秀志愿者表彰大会的通知', '为表彰在志愿服务活动中表现突出的志愿者，我中心将于2026年1月15日举办年度优秀志愿者表彰大会。请各部门推荐优秀志愿者候选人，并于1月10日前提交推荐材料。表彰大会将颁发证书和奖品，欢迎广大志愿者积极参加。', '2025-12-20 08:00:00'),
(2, '志愿者招募启事', '我中心现面向社会招募志愿者，要求热心公益、身体健康、责任心强。主要参与社区服务、环保宣传、老人陪伴等志愿活动。欢迎有志之士加入我们的志愿者队伍，共同为社会贡献力量。', '2025-12-21 09:30:00'),
(3, '关于春节期间志愿服务活动安排的通知', '春节期间，我中心将开展"温暖寒冬"系列志愿服务活动，包括走访慰问困难家庭、社区春节联欢、节日安全宣传等。请有意参与的志愿者提前报名，我们将统一安排。活动时间：2026年1月28日-2月10日。', '2025-12-22 10:00:00'),
(4, '志愿者培训通知', '为提升志愿者服务技能和专业素养，我中心将于2026年1月8日开展志愿者培训，内容包括志愿服务基本理念、沟通技巧、安全防护等。请各部门组织志愿者报名参加。培训地点：社区活动中心三楼会议室。', '2025-12-23 14:00:00');

-- 插入FAQ数据
INSERT IGNORE INTO FAQ (faq_id, question, answer, created_at) VALUES
(1, '如何注册成为志愿者？', '请访问我们的官方网站或微信公众号，点击"志愿者注册"按钮，填写个人信息并提交申请。我们的工作人员会在3个工作日内审核您的申请，审核通过后会通知您参加志愿者培训。', '2025-12-20 09:00:00'),
(2, '志愿服务活动需要什么条件？', '参加志愿服务活动需要具备以下条件：1）已注册并通过审核的志愿者；2）身体健康，能够承担相应的志愿服务工作；3）具备良好的沟通能力和服务意识；4）能够遵守志愿服务活动的时间安排。', '2025-12-20 09:30:00'),
(3, '如何查看和报名志愿服务活动？', '登录志愿者平台后，点击"活动中心"可以查看所有正在招募志愿者的活动。选择您感兴趣的活动，点击"立即报名"即可。每个活动都有详细的介绍，包括时间、地点、服务内容等信息。', '2025-12-20 10:00:00'),
(4, '志愿服务时长如何计算？', '志愿服务时长从活动开始签到时间计算到活动结束签退时间，精确到分钟。系统会自动记录您的服务时长，并累计在您的志愿者档案中。您可以随时登录平台查看自己的总服务时长。', '2025-12-20 10:30:00'),
(5, '志愿者能获得什么保障？', '我们为每位参加活动的志愿者提供：1）活动期间的意外保险；2）基本的服务保障（如饮用水、餐食等）；3）专业的指导和培训；4）志愿服务证书；5）优秀志愿者可获得表彰奖励。', '2025-12-20 11:00:00'),
(6, '如何取消已报名的活动？', '登录平台后，进入"我的报名"，找到要取消的活动，点击"取消报名"按钮即可。请注意，距离活动开始24小时内取消报名会影响您的信用评分，请合理安排时间。如遇特殊情况，请联系客服处理。', '2025-12-20 11:30:00'),
(7, '志愿者有什么权益？', '志愿者享有以下权益：1）接受免费培训的机会；2）获得志愿服务证书和证明；3）参与优秀志愿者评选；4）获得志愿服务积分和奖励；5）对志愿服务活动提出建议和意见；6）退出志愿服务的自由。', '2025-12-20 12:00:00'),
(8, '如何查询我的志愿服务记录？', '登录志愿者平台后，点击"个人中心"->"服务记录"，可以查看您参加过的所有活动，包括活动名称、时间、地点、服务时长等信息。也可以导出服务记录用于个人档案或证明。', '2025-12-20 12:30:00');
